{"mean":{"confidence_interval":{"confidence_level":0.95,"lower_bound":15410019.166666666,"upper_bound":16312849.666666666},"point_estimate":15851502.166666666,"standard_error":230562.52212459908},"median":{"confidence_interval":{"confidence_level":0.95,"lower_bound":13643575.0,"upper_bound":14513750.0},"point_estimate":14095725.0,"standard_error":215110.0156586683},"median_abs_dev":{"confidence_interval":{"confidence_level":0.95,"lower_bound":1459508.4790885448,"upper_bound":2517454.755306244},"point_estimate":1986980.4847240448,"standard_error":271889.1163369337},"slope":null,"std_dev":{"confidence_interval":{"confidence_level":0.95,"lower_bound":3504903.722617291,"upper_bound":4513042.331470931},"point_estimate":4018467.1405007853,"standard_error":258089.22745142403}}