{"mean":{"confidence_interval":{"confidence_level":0.95,"lower_bound":15813123.166666666,"upper_bound":16021419.304166667},"point_estimate":15908456.666666666,"standard_error":53179.78157210604},"median":{"confidence_interval":{"confidence_level":0.95,"lower_bound":15681025.0,"upper_bound":15771725.0},"point_estimate":15734250.0,"standard_error":24642.883284416846},"median_abs_dev":{"confidence_interval":{"confidence_level":0.95,"lower_bound":316646.2893784046,"upper_bound":445818.738710135},"point_estimate":378322.4482834339,"standard_error":32839.73016144419},"slope":null,"std_dev":{"confidence_interval":{"confidence_level":0.95,"lower_bound":527676.192517009,"upper_bound":1306930.3680944834},"point_estimate":926155.4213994083,"standard_error":204713.31322876515}}