{"mean":{"confidence_interval":{"confidence_level":0.95,"lower_bound":4363050.1125,"upper_bound":4454632.416666667},"point_estimate":4405637.166666667,"standard_error":23471.017896612302},"median":{"confidence_interval":{"confidence_level":0.95,"lower_bound":4287200.0,"upper_bound":4304600.0},"point_estimate":4296337.5,"standard_error":4113.529291965122},"median_abs_dev":{"confidence_interval":{"confidence_level":0.95,"lower_bound":59229.868948459625,"upper_bound":82525.22103488445},"point_estimate":73462.82869577408,"standard_error":5953.279288984469},"slope":null,"std_dev":{"confidence_interval":{"confidence_level":0.95,"lower_bound":272927.1940019454,"upper_bound":534347.902645493},"point_estimate":411097.14801043464,"standard_error":66680.24533482848}}