{"mean":{"confidence_interval":{"confidence_level":0.95,"lower_bound":500018192.1666666,"upper_bound":505068124.94166666},"point_estimate":502513094.6666667,"standard_error":1290876.3377601225},"median":{"confidence_interval":{"confidence_level":0.95,"lower_bound":497255300.0,"upper_bound":503566550.0},"point_estimate":499898200.0,"standard_error":1674273.2119848651},"median_abs_dev":{"confidence_interval":{"confidence_level":0.95,"lower_bound":22559092.93949604,"upper_bound":28776375.929117203},"point_estimate":25934824.81956482,"standard_error":1630277.816643572},"slope":null,"std_dev":{"confidence_interval":{"confidence_level":0.95,"lower_bound":20721238.647877503,"upper_bound":24064098.186331403},"point_estimate":22429398.048563577,"standard_error":855127.4421897922}}