{"mean":{"confidence_interval":{"confidence_level":0.95,"lower_bound":296976.7239766081,"upper_bound":305521.13611111115},"point_estimate":301289.8596491228,"standard_error":2186.356090362732},"median":{"confidence_interval":{"confidence_level":0.95,"lower_bound":314068.4210526316,"upper_bound":329708.77192982455},"point_estimate":327653.50877192983,"standard_error":5518.836529680075},"median_abs_dev":{"confidence_interval":{"confidence_level":0.95,"lower_bound":10224.705200054135,"upper_bound":34713.64780476214},"point_estimate":17415.347585552605,"standard_error":7067.879823752139},"slope":null,"std_dev":{"confidence_interval":{"confidence_level":0.95,"lower_bound":36053.89438539166,"upper_bound":39894.79332242513},"point_estimate":37936.331577508194,"standard_error":975.2300363824581}}