{"mean":{"confidence_interval":{"confidence_level":0.95,"lower_bound":20361085.141666666,"upper_bound":21776063.6},"point_estimate":21060601.0,"standard_error":358959.216697267},"median":{"confidence_interval":{"confidence_level":0.95,"lower_bound":17606650.0,"upper_bound":19592500.0},"point_estimate":18692350.0,"standard_error":550850.7219489844},"median_abs_dev":{"confidence_interval":{"confidence_level":0.95,"lower_bound":3562020.5667614937,"upper_bound":6107051.681578159},"point_estimate":4862334.8736763,"standard_error":690748.2526655565},"slope":null,"std_dev":{"confidence_interval":{"confidence_level":0.95,"lower_bound":5674027.175001192,"upper_bound":6813575.966665426},"point_estimate":6255964.163138007,"standard_error":290134.91675596096}}