{"mean":{"confidence_interval":{"confidence_level":0.95,"lower_bound":9420212.370833334,"upper_bound":9602544.541666666},"point_estimate":9507320.5,"standard_error":46686.31505383286},"median":{"confidence_interval":{"confidence_level":0.95,"lower_bound":9214900.0,"upper_bound":9269750.0},"point_estimate":9239600.0,"standard_error":13241.28881168292},"median_abs_dev":{"confidence_interval":{"confidence_level":0.95,"lower_bound":192182.02158808708,"upper_bound":269314.28521871567},"point_estimate":230766.68590307236,"standard_error":20411.356958531967},"slope":null,"std_dev":{"confidence_interval":{"confidence_level":0.95,"lower_bound":630697.401738812,"upper_bound":972286.9434955644},"point_estimate":808704.5377863315,"standard_error":87147.77491900216}}