{"mean":{"confidence_interval":{"confidence_level":0.95,"lower_bound":4778134.416666667,"upper_bound":4842264.872916667},"point_estimate":4809657.333333333,"standard_error":16364.181531009415},"median":{"confidence_interval":{"confidence_level":0.95,"lower_bound":4811587.5,"upper_bound":4839637.5},"point_estimate":4827250.0,"standard_error":7580.182962272208},"median_abs_dev":{"confidence_interval":{"confidence_level":0.95,"lower_bound":169424.11199212074,"upper_bound":298447.37470149994},"point_estimate":225762.91099190712,"standard_error":34940.173579110065},"slope":null,"std_dev":{"confidence_interval":{"confidence_level":0.95,"lower_bound":253387.85796770384,"upper_bound":319397.10946461465},"point_estimate":284720.7484886819,"standard_error":16905.415057676335}}