{"mean":{"confidence_interval":{"confidence_level":0.95,"lower_bound":266889.861612022,"upper_bound":280226.7377049181},"point_estimate":273543.60109289637,"standard_error":3407.303515574205},"median":{"confidence_interval":{"confidence_level":0.95,"lower_bound":261303.2786885246,"upper_bound":316776.2295081967},"point_estimate":292728.68852459016,"standard_error":14511.120631012811},"median_abs_dev":{"confidence_interval":{"confidence_level":0.95,"lower_bound":31491.3956376373,"upper_bound":94062.46160874603},"point_estimate":62622.83544559947,"standard_error":17729.1159396917},"slope":null,"std_dev":{"confidence_interval":{"confidence_level":0.95,"lower_bound":57443.85093949291,"upper_bound":60793.3957344957},"point_estimate":59269.198324523255,"standard_error":852.1802446543104}}