{"mean":{"confidence_interval":{"confidence_level":0.95,"lower_bound":6935505.969444444,"upper_bound":7318635.344444445},"point_estimate":7120559.888888887,"standard_error":97387.66302547774},"median":{"confidence_interval":{"confidence_level":0.95,"lower_bound":6369083.333333334,"upper_bound":6988083.333333334},"point_estimate":6710700.0,"standard_error":177684.84124323475},"median_abs_dev":{"confidence_interval":{"confidence_level":0.95,"lower_bound":1168041.6792631159,"upper_bound":1700715.7575562599},"point_estimate":1473284.3038439748,"standard_error":143508.4020955242},"slope":null,"std_dev":{"confidence_interval":{"confidence_level":0.95,"lower_bound":1427118.300306738,"upper_bound":1968717.8095026582},"point_estimate":1689762.526439275,"standard_error":138853.6122340763}}