{"mean":{"confidence_interval":{"confidence_level":0.95,"lower_bound":739929.1031249998,"upper_bound":758327.3927083332},"point_estimate":748680.6666666666,"standard_error":4692.1975707146985},"median":{"confidence_interval":{"confidence_level":0.95,"lower_bound":716831.25,"upper_bound":720664.5833333333},"point_estimate":718443.75,"standard_error":1052.8755337620767},"median_abs_dev":{"confidence_interval":{"confidence_level":0.95,"lower_bound":9059.30358916524,"upper_bound":14044.546000659322},"point_estimate":11036.103554069996,"standard_error":1335.3974236642484},"slope":null,"std_dev":{"confidence_interval":{"confidence_level":0.95,"lower_bound":63927.64669125967,"upper_bound":96887.3903326633},"point_estimate":81093.72895875077,"standard_error":8447.303965061068}}