{"mean":{"confidence_interval":{"confidence_level":0.95,"lower_bound":5964613.194444446,"upper_bound":6295411.0944444435},"point_estimate":6125657.111111112,"standard_error":84457.72804080337},"median":{"confidence_interval":{"confidence_level":0.95,"lower_bound":5350783.333333333,"upper_bound":5600616.666666666},"point_estimate":5495733.333333333,"standard_error":58089.23196080438},"median_abs_dev":{"confidence_interval":{"confidence_level":0.95,"lower_bound":436922.21224307874,"upper_bound":771273.2163071623},"point_estimate":625805.4488897317,"standard_error":81306.69557559626},"slope":null,"std_dev":{"confidence_interval":{"confidence_level":0.95,"lower_bound":1244474.9572043165,"upper_bound":1679752.1326680372},"point_estimate":1465984.2299484762,"standard_error":111309.9102425726}}