{"mean":{"confidence_interval":{"confidence_level":0.95,"lower_bound":515483256.0833333,"upper_bound":520909762.1166666},"point_estimate":518138483.0,"standard_error":1382446.6851566017},"median":{"confidence_interval":{"confidence_level":0.95,"lower_bound":504362350.0,"upper_bound":508056700.0},"point_estimate":506006550.0,"standard_error":935187.182785067},"median_abs_dev":{"confidence_interval":{"confidence_level":0.95,"lower_bound":5295698.845982552,"upper_bound":10693919.480144978},"point_estimate":7622342.984676361,"standard_error":1374001.8429017526},"slope":null,"std_dev":{"confidence_interval":{"confidence_level":0.95,"lower_bound":20517929.13955687,"upper_bound":27343003.424304347},"point_estimate":23954193.74057665,"standard_error":1744707.8442462352}}